,time,Acetate,s3H11,NO3,NO2
0,0.0,18.03136034,0.01013,9.14450462,0.099779154
1,23.0,17.81530921,0.03307,7.890584528,1.061534278
2,42.0,16.07269608,0.06107,1.350000451,7.480505014
3,53.0,15.92617005,0.07075,0.120915923,9.075273744
4,71.0,16.25510604,0.08789,0.135265361,9.215175071
5,95.0,16.15567766,0.0743,0.13857677,9.116233448
6,119.0,,0.0703,,
7,142.0,,0.0683,,
8,165.0,,0.0673,,
